source_url,target_url,status_code
nanhwafs.edu.my/nh-history-1936-1945,https://nanhwafs.edu.my/history/#era1,301
nanhwafs.edu.my/nn-history-1946-1961,https://nanhwafs.edu.my/history/#era2,301
nanhwafs.edu.my/nh-history-1962-1978,https://nanhwafs.edu.my/history/#era3,301
nanhwafs.edu.my/nn-history-1946-1961-9,https://nanhwafs.edu.my/history/#era4,301
nanhwafs.edu.my/nn-history-2011-now,https://nanhwafs.edu.my/history/#era5,301
nanhwafs.edu.my/achievement,https://nanhwafs.edu.my/about/#honors,301
nanhwafs.edu.my/philosophy-feature,https://nanhwafs.edu.my/academic/,301
nanhwafs.edu.my/gallery,https://nanhwafs.edu.my/facilities/,301
nanhwafs.edu.my/further-study,https://nanhwafs.edu.my/admission/,301
nanhwafs.edu.my/events/11-8,https://nanhwafs.edu.my/news/2025/20251115-1.html,301
nanhwafs.edu.my/events/2025-art-festival,https://nanhwafs.edu.my/news/2025/20250831-3.html,301
nanhwafs.edu.my/events/2026-ai,https://nanhwafs.edu.my/news/2026/20260521-1.html,301
nanhwafs.edu.my/events/2026-letter-to-students,https://nanhwafs.edu.my/news/2026/20260105-1.html,301
nanhwafs.edu.my/events/aesthetics-2025,https://nanhwafs.edu.my/news/2025/20250707-1.html,301
nanhwafs.edu.my/events/after-the-storm,https://nanhwafs.edu.my/news/2025/20251202-1.html,301
nanhwafs.edu.my/events/parent-meeting-2025,https://nanhwafs.edu.my/news/2025/20250727-1.html,301
nanhwafs.edu.my/events/school-principal-letter-2025,https://nanhwafs.edu.my/news/2025/20250614-1.html,301
